zcta,county,population,owner_occupied_units,median_owner_occupied_value_usd,median_value_moe_90pct_usd,owner_units_value_below_300k,owner_units_value_300k_to_499k,owner_units_value_500k_to_999k,owner_units_value_1m_plus,owner_share_value_500k_plus_pct,small_owner_sample_flag
33503,Hillsborough,891,184,352900,13947,0,174,10,0,5.4,yes
33510,Hillsborough,30578,7261,328200,11011,2811,3782,655,13,9.2,no
33511,Hillsborough,62138,13009,362700,10915,3950,6336,2602,121,20.9,no
33523,Pasco,19435,5233,244400,15800,3114,1257,743,119,16.5,no
33525,Pasco,21077,5965,260200,23408,3349,1593,868,155,17.2,no
33527,Hillsborough,17364,4181,387000,37837,1465,1444,1074,198,30.4,no
33534,Hillsborough,17740,3795,314000,27790,1764,1813,206,12,5.7,no
33540,Pasco,11390,4274,142800,25466,3011,1079,137,47,4.3,no
33541,Pasco,24654,9432,126000,18307,7165,2057,210,0,2.2,no
33542,Pasco,23612,7679,154000,10183,6761,757,142,19,2.1,no
33543,Pasco,40648,11960,397400,16613,3029,5511,2907,513,28.6,no
33544,Pasco,29901,6679,434900,22553,1196,3054,2304,125,36.4,no
33545,Pasco,30222,7719,399400,18030,1620,4070,1909,120,26.3,no
33547,Hillsborough,31431,7900,524300,35254,1501,2200,3620,579,53.2,no
33548,Hillsborough,8967,2417,582200,54712,387,601,1102,327,59.1,no
33549,Hillsborough,18178,5632,385900,28693,1876,2147,1417,192,28.6,no
33556,Hillsborough,35755,10425,625200,17428,890,2365,5685,1485,68.8,no
33558,Hillsborough,33165,8562,520500,29128,1279,2767,4168,348,52.7,no
33559,Hillsborough,18831,4138,377300,24532,1146,2019,699,274,23.5,no
33563,Hillsborough,25896,6067,226900,20449,4166,1536,227,138,6.0,no
33565,Hillsborough,18108,5700,273200,31469,3060,1483,1066,91,20.3,no
33566,Hillsborough,24521,5872,330900,15585,2441,2619,799,13,13.8,no
33567,Hillsborough,12562,3085,320700,28543,1367,1306,324,88,13.4,no
33569,Hillsborough,27867,8528,372500,15121,2705,4149,1593,81,19.6,no
33570,Hillsborough,33319,9482,300500,15821,4728,3924,729,101,8.8,no
33572,Hillsborough,26495,8514,472800,21231,1334,3368,3137,675,44.8,no
33573,Hillsborough,35362,13585,309300,12285,6431,5494,1625,35,12.2,no
33574,Pasco,1822,0,,,0,0,0,0,,yes
33576,Pasco,6273,2780,376400,22780,791,1476,459,54,18.5,no
33578,Hillsborough,60651,13982,340900,11023,5304,6783,1618,277,13.6,no
33579,Hillsborough,49470,12988,415500,16776,2338,7497,2982,171,24.3,no
33584,Hillsborough,28579,7881,311300,14282,3660,3530,655,36,8.8,no
33592,Hillsborough,12333,2787,288600,50134,1429,733,448,177,22.4,no
33594,Hillsborough,37361,10268,346900,14640,3955,4319,1871,123,19.4,no
33596,Hillsborough,27757,8473,432300,10374,1132,4934,2319,88,28.4,no
33598,Hillsborough,32820,8690,395500,22677,2137,4544,1747,262,23.1,no
33602,Hillsborough,21452,3223,653100,47802,261,708,1751,503,69.9,no
33603,Hillsborough,19869,5083,391000,19197,1415,2388,1077,203,25.2,no
33604,Hillsborough,40055,8870,311900,21362,4220,3265,1248,137,15.6,no
33605,Hillsborough,16030,2978,264400,12409,1872,887,214,5,7.4,no
33606,Hillsborough,24570,4339,845600,73045,239,542,1906,1652,82.0,no
33607,Hillsborough,25291,4443,354400,18044,1523,2027,874,19,20.1,no
33609,Hillsborough,18535,5547,605600,53041,577,1684,2022,1264,59.2,no
33610,Hillsborough,46587,8686,227400,11878,6301,2048,305,32,3.9,no
33611,Hillsborough,36810,9697,479800,23170,2275,2883,3044,1495,46.8,no
33612,Hillsborough,49005,7076,282000,14746,3904,2572,548,52,8.5,no
33613,Hillsborough,37591,5276,272700,44677,2827,1299,844,306,21.8,no
33614,Hillsborough,47298,7961,322700,16609,3473,3314,893,281,14.7,no
33615,Hillsborough,47245,10548,335900,13352,4051,4847,1373,277,15.6,no
33616,Hillsborough,15830,3289,405500,31559,751,1451,882,205,33.0,no
33617,Hillsborough,47851,8708,296900,17521,4416,3270,996,26,11.7,no
33618,Hillsborough,27771,8304,415800,28109,1669,3584,2603,448,36.7,no
33619,Hillsborough,41396,7626,246400,17402,5191,2156,140,139,3.7,no
33620,Hillsborough,7298,0,,,0,0,0,0,,yes
33621,Hillsborough,2393,0,,,0,0,0,0,,yes
33624,Hillsborough,41346,10447,386100,13590,2734,5493,2044,176,21.3,no
33625,Hillsborough,29967,7598,380800,15089,1747,4239,1526,86,21.2,no
33626,Hillsborough,30575,8181,577100,25539,1191,2082,3981,927,60.0,no
33629,Hillsborough,27710,8610,851400,33908,513,992,4029,3076,82.5,no
33634,Hillsborough,21862,4684,346400,12304,1630,2257,618,179,17.0,no
33635,Hillsborough,19134,4900,344900,44848,2134,1387,1117,262,28.1,no
33637,Hillsborough,17658,3346,229200,13883,2250,996,94,6,3.0,no
33647,Hillsborough,74844,16710,472500,14305,2856,6545,6780,529,43.7,no
33701,Pinellas,18823,4157,637700,68841,771,837,1594,955,61.3,no
33702,Pinellas,31294,9478,341700,19009,4036,2848,2107,487,27.4,no
33703,Pinellas,25264,9036,441400,34406,2705,2462,2883,986,42.8,no
33704,Pinellas,16232,5120,753600,61467,533,979,2198,1410,70.5,no
33705,Pinellas,27939,7192,365600,19060,2502,2699,1650,341,27.7,no
33706,Pinellas,15298,6568,655800,51547,1010,1383,2280,1895,63.6,no
33707,Pinellas,24324,8956,378000,15778,3011,3240,1704,1001,30.2,no
33708,Pinellas,15060,6009,503300,44967,1527,1463,2072,947,50.2,no
33709,Pinellas,25050,8387,200100,15045,5914,2177,270,26,3.5,no
33710,Pinellas,33796,12227,354900,13478,4339,5534,2106,248,19.3,no
33711,Pinellas,20013,5036,283800,29344,2687,1318,700,331,20.5,no
33712,Pinellas,27142,6065,326000,20418,2680,2260,954,171,18.5,no
33713,Pinellas,31729,10159,323000,16464,4518,4117,1314,210,15.0,no
33714,Pinellas,19227,5322,199700,16149,3922,1100,251,49,5.6,no
33715,Pinellas,8032,3745,622900,54078,389,1064,1282,1010,61.2,no
33716,Pinellas,19328,2093,209800,33369,1452,327,301,13,15.0,no
33755,Pinellas,27476,5614,328700,22823,2442,2181,893,98,17.7,no
33756,Pinellas,32201,7922,362800,15607,2985,2997,1426,514,24.5,no
33759,Pinellas,17557,3883,338900,29504,1708,985,1024,166,30.6,no
33760,Pinellas,20501,3779,265700,28822,2182,1209,378,10,10.3,no
33761,Pinellas,18290,6750,289700,23034,3513,1759,1407,71,21.9,no
33762,Pinellas,5063,1938,344700,34213,774,709,384,71,23.5,no
33763,Pinellas,21146,7325,234500,17003,4539,2378,345,63,5.6,no
33764,Pinellas,27311,8177,329900,24477,3663,2943,1341,230,19.2,no
33765,Pinellas,13808,3355,333300,27337,1371,1287,638,59,20.8,no
33767,Pinellas,8081,3758,757800,59475,246,685,1600,1227,75.2,no
33770,Pinellas,25368,7140,302600,32556,3541,2299,1055,245,18.2,no
33771,Pinellas,27596,8502,171100,25075,5946,2126,277,153,5.1,no
33772,Pinellas,23733,7710,366900,15832,2693,3465,1377,175,20.1,no
33773,Pinellas,16741,5258,319400,17088,2392,2133,621,112,13.9,no
33774,Pinellas,19799,6509,334400,21889,2825,2526,882,276,17.8,no
33776,Pinellas,12556,4495,466600,11780,682,2001,1663,149,40.3,no
33777,Pinellas,18582,6331,353100,27718,2557,2198,1303,273,24.9,no
33778,Pinellas,16807,5668,291600,23950,2928,1976,547,217,13.5,no
33781,Pinellas,28072,6993,265700,16076,4190,2416,358,29,5.5,no
33782,Pinellas,22461,7108,300500,13382,3543,2967,389,209,8.4,no
33785,Pinellas,4907,2012,729200,51138,144,377,932,559,74.1,no
33786,Pinellas,1582,663,1053000,96344,36,37,239,351,89.0,no
34601,Hernando,24115,7392,188400,21412,5167,1340,742,143,12.0,no
34602,Hernando,11088,3429,276400,53536,1804,995,479,151,18.4,no
34604,Hernando,13642,4211,305500,19278,2033,1836,323,19,8.1,no
34606,Hernando,28668,9785,250900,8920,6675,2775,324,11,3.4,no
34607,Hernando,9496,3429,398900,31163,1127,1231,867,204,31.2,no
34608,Hernando,36658,11412,276800,9201,6846,4145,337,84,3.7,no
34609,Hernando,47257,14728,317200,8083,6544,7081,1054,49,7.5,no
34610,Pasco,16995,5176,267500,27244,2933,1575,545,123,12.9,no
34613,Hernando,19337,8092,209500,15746,5386,1789,817,100,11.3,no
34614,Hernando,10935,3537,321600,21094,1502,1778,138,119,7.3,no
34637,Pasco,13049,3633,434400,35478,543,1763,1268,59,36.5,no
34638,Pasco,37644,10078,433600,15138,1937,4922,2925,294,31.9,no
34639,Pasco,30831,8501,383500,14796,2264,4178,1888,171,24.2,no
34652,Pasco,27444,7695,222600,13178,5114,1297,1001,283,16.7,no
34653,Pasco,35945,10319,203200,10842,7676,2404,202,37,2.3,no
34654,Pasco,24355,7346,307200,27814,3578,2768,835,165,13.6,no
34655,Pasco,49964,15015,380200,11051,4166,7110,3488,251,24.9,no
34667,Pasco,30689,11317,234300,14597,7264,3314,619,120,6.5,no
34668,Pasco,49442,13024,191600,8337,11082,1526,322,94,3.2,no
34669,Pasco,14618,5302,247100,19431,3326,1770,199,7,3.9,no
34677,Pinellas,22762,7365,387300,20553,2488,2629,1889,359,30.5,no
34681,Pinellas,1284,460,729000,240537,0,88,241,131,80.9,no
34683,Pinellas,33911,11401,452100,15308,2738,4090,3996,577,40.1,no
34684,Pinellas,27029,9381,342400,21064,3987,3173,1998,223,23.7,no
34685,Pinellas,18132,5691,518000,34057,1019,1702,2568,402,52.2,no
34688,Pinellas,8522,3075,510100,51030,752,750,1292,281,51.2,no
34689,Pinellas,27324,10389,337000,15583,4290,4052,1493,554,19.7,no
34690,Pasco,12498,3485,177200,20399,2993,452,14,26,1.1,no
34691,Pasco,21232,6583,202700,13362,4897,1249,323,114,6.6,no
34695,Pinellas,18098,6485,439300,22860,1920,2084,2240,241,38.3,no
34698,Pinellas,38171,13225,392300,27150,4866,4515,3328,516,29.1,no
